movieId,userId,rating
767,30,4.0
597,667,3.0
597,666,2.0
597,665,5.0
597,664,3.0
597,662,4.0
597,659,3.0
597,654,4.0
597,652,3.5
597,649,4.0
597,641,4.0
597,629,4.0
597,627,3.5
597,624,3.0
597,607,3.0
597,602,3.0
597,596,3.5
597,593,4.0
597,590,3.0
597,580,3.0
597,577,3.0
597,574,3.0
597,564,4.0
597,562,4.5
597,560,3.5
597,552,2.0
597,548,3.0
597,547,3.5
597,535,1.0
597,534,3.0
597,527,2.0
597,518,4.0
597,517,4.0
597,516,4.0
597,514,3.0
597,509,2.0
597,508,2.0
597,505,3.5
597,500,2.5
597,496,4.0
597,495,3.0
597,493,4.0
597,487,4.0
597,471,3.5
597,468,2.5
597,463,2.0
597,462,3.5
597,461,4.5
597,458,4.0
597,452,3.0
597,442,4.5
597,430,4.0
597,422,4.0
597,418,5.0
597,416,4.0
597,400,3.0
597,399,3.0
597,396,3.0
597,394,3.5
597,388,3.0
597,385,3.0
597,381,3.0
597,380,3.0
597,372,5.0
597,369,4.0
597,358,4.0
597,355,2.5
597,354,3.0
597,353,1.5
597,344,2.0
597,338,3.0
597,313,3.0
597,312,5.0
597,311,5.0
597,308,2.0
597,306,4.0
597,303,3.0
597,302,3.0
597,295,4.5
597,294,3.0
597,292,4.5
597,288,3.0
597,283,3.5
597,282,1.5
597,281,4.0
597,279,3.0
597,268,2.5
597,263,3.5
597,262,2.0
597,254,3.0
597,253,3.5
597,249,3.0
597,247,3.0
597,242,5.0
597,240,3.0
597,235,3.5
597,232,2.0
597,220,3.0
597,219,3.0
597,213,3.0
597,212,3.5
597,200,4.0
597,195,3.0
597,194,3.0
597,192,2.0
597,188,4.0
597,187,4.0
597,184,3.0
597,182,5.0
597,168,3.0
597,161,3.0
597,160,5.0
597,159,3.0
597,152,2.0
597,151,3.0
597,145,5.0
597,134,3.0
597,130,3.0
597,128,5.0
597,127,5.0
597,125,3.0
597,121,3.0
597,120,3.0
597,119,4.0
597,118,3.0
597,111,3.0
597,110,5.0
597,105,3.5
597,98,5.0
597,97,2.0
597,93,3.5
597,92,2.0
597,86,3.0
597,85,4.0
597,77,2.5
597,73,3.0
597,69,4.5
597,68,3.0
597,67,5.0
597,50,3.0
597,36,3.0
597,30,4.0
597,23,3.0
597,21,3.0
597,20,4.0
597,19,3.0
597,15,2.5
597,5,5.0
155,659,3.0
155,602,3.0
155,564,2.0
155,552,3.0
155,547,2.0
155,516,4.0
155,472,3.0
155,467,3.0
155,311,4.5
1726,564,1.0
1726,533,3.0
1726,315,1.0
1726,213,3.5
1726,94,2.0
1726,43,1.0
1726,30,2.0
674,580,3.5
674,564,4.0
674,547,3.0
674,529,1.0
674,509,2.0
674,466,1.0
674,439,2.0
674,405,3.0
674,401,5.0
674,346,3.0
674,311,1.0
674,294,3.0
674,263,2.0
674,232,3.0
674,197,3.0
674,130,1.0
674,118,2.0
674,49,3.0
674,41,4.0
674,19,4.0
674,15,3.0
2062,493,1.0
2062,467,3.0
272,667,5.0
272,659,3.0
272,649,4.0
272,613,3.0
272,602,4.0
272,595,5.0
272,587,4.0
272,555,4.0
272,547,4.0
272,546,5.0
272,537,5.0
272,514,5.0
272,509,4.5
272,468,3.0
272,452,3.5
272,447,3.0
272,434,4.0
272,409,5.0
272,396,3.0
272,391,5.0
272,388,4.0
272,385,3.0
272,357,4.0
272,237,4.5
272,224,4.0
272,220,5.0
272,187,2.0
272,130,3.5
272,122,4.0
272,119,5.0
272,105,3.5
272,102,4.0
272,86,4.0
272,83,4.5
272,67,5.0
272,36,4.0
272,30,4.0
272,7,3.0
272,2,3.0
616,667,3.0
616,665,3.0
616,624,4.0
616,605,4.0
616,593,4.0
616,580,3.5
616,564,4.0
616,557,2.5
616,552,4.0
616,551,3.0
616,529,4.0
616,522,2.0
616,518,4.0
616,514,3.0
616,500,3.0
616,469,2.0
616,466,5.0
616,437,3.0
616,428,2.5
616,420,3.0
616,363,4.0
616,362,3.5
616,311,2.0
616,302,3.0
616,294,4.0
616,290,5.0
616,287,4.5
616,254,4.0
616,213,1.5
616,182,5.0
616,170,2.0
616,126,3.0
616,113,5.0
616,102,4.0
616,86,3.0
616,85,4.0
616,80,4.0
616,67,4.0
616,61,1.5
616,58,4.0
616,4,5.0
616,2,3.0
673,665,2.0
673,664,2.5
673,654,3.5
673,646,2.0
673,624,3.0
673,612,3.5
673,603,3.0
673,580,1.0
673,574,2.5
673,564,1.0
673,559,3.0
673,543,4.0
673,534,4.0
673,530,1.0
673,525,1.0
673,522,2.5
673,518,5.0
673,507,5.0
673,506,2.0
673,468,1.5
673,455,2.5
673,418,1.5
673,409,5.0
673,390,1.0
673,384,3.0
673,361,4.0
673,358,2.0
673,318,4.0
673,310,1.5
673,276,2.0
673,252,5.0
673,247,3.0
673,246,4.0
673,239,4.0
673,226,1.5
673,213,2.0
673,212,2.5
673,207,0.5
673,199,3.5
673,189,1.0
673,173,4.0
673,165,1.5
673,154,4.0
673,128,4.0
673,73,3.0
673,70,3.0
673,61,2.0
673,56,2.0
673,48,3.0
673,12,1.0
671,654,4.0
671,640,3.0
671,624,5.0
671,597,4.0
671,580,4.0
671,564,4.0
671,559,4.0
671,549,5.0
671,548,4.0
671,547,4.0
671,507,5.0
671,502,5.0
671,460,4.5
671,439,3.0
671,422,4.0
671,408,5.0
671,401,5.0
671,395,5.0
671,388,4.0
671,383,3.0
671,361,4.0
671,346,5.0
671,247,2.0
671,224,4.0
671,188,3.0
671,165,3.5
671,154,4.0
671,103,4.0
671,86,4.0
671,80,4.0
671,70,3.0
671,20,4.0
671,7,4.0
22,664,3.0
22,659,4.0
22,652,4.0
22,641,4.0
22,608,3.0
22,590,3.0
22,580,1.5
22,577,3.0
22,564,5.0
22,548,3.0
22,536,5.0
22,534,4.0
22,518,4.0
22,516,5.0
22,496,5.0
22,487,5.0
22,461,2.0
22,452,3.0
22,416,4.0
22,409,1.0
22,389,3.0
22,388,4.0
22,385,3.0
22,380,3.0
22,330,3.0
22,282,3.0
22,274,2.5
22,254,3.0
22,245,3.0
22,242,4.0
22,188,3.0
22,177,4.0
22,165,3.5
22,105,2.5
22,66,2.0
22,39,4.0
22,19,3.0
22,15,2.5
1895,665,3.0
1895,605,3.0
1895,598,3.0
1895,564,2.0
1895,534,3.0
1895,465,4.5
1895,461,3.5
1895,412,2.0
1895,187,4.5
1895,150,3.0
1895,128,5.0
1895,102,2.0
1895,43,2.0
1895,15,2.5
585,666,2.0
585,665,1.0
585,654,3.5
585,641,3.0
585,634,1.0
585,624,4.0
585,605,3.0
585,580,3.0
585,577,4.0
585,564,4.0
585,527,0.5
585,518,3.0
585,514,3.0
585,487,4.0
585,468,2.5
585,461,2.5
585,460,4.0
585,416,3.0
585,394,2.0
585,393,2.0
585,387,4.0
585,370,4.0
585,358,4.0
585,345,3.5
585,325,4.0
585,312,5.0
585,306,4.0
585,294,4.0
585,275,3.5
585,254,3.0
585,253,2.0
585,161,3.0
585,156,0.5
585,148,2.5
585,121,3.0
585,119,3.0
585,86,5.0
585,73,2.5
585,61,3.5
585,43,2.0
585,2,5.0
98,73,3.0
280,639,4.0
280,602,3.0
280,537,4.0
280,534,4.0
280,511,5.0
280,496,4.0
280,487,5.0
280,452,3.0
280,434,4.0
280,409,5.0
280,391,4.0
280,311,3.0
280,308,5.0
280,306,3.0
280,242,4.0
280,184,4.0
280,165,3.5
280,160,5.0
280,128,5.0
280,110,4.0
280,102,4.0
280,67,5.0
1372,654,4.5
1372,646,4.0
1372,624,3.0
1372,621,3.0
1372,607,3.5
1372,592,4.0
1372,580,3.0
1372,564,4.0
1372,550,4.0
1372,537,5.0
1372,525,5.0
1372,521,4.0
1372,518,4.0
1372,514,2.0
1372,463,4.0
1372,462,3.0
1372,439,4.0
1372,401,4.0
1372,390,3.0
1372,370,3.0
1372,363,2.0
1372,345,2.0
1372,344,4.0
1372,336,2.0
1372,332,0.5
1372,311,2.0
1372,310,2.5
1372,290,5.0
1372,285,3.0
1372,247,4.0
1372,242,4.0
1372,237,3.5
1372,232,4.0
1372,197,5.0
1372,195,2.0
1372,187,0.5
1372,177,5.0
1372,130,1.0
1372,119,2.0
1372,73,3.5
1372,63,3.0
1372,41,4.0
1372,22,4.0
1372,21,3.0
1372,19,2.0
1372,7,3.0
1372,4,3.0
18,659,1.0
18,655,4.0
18,636,3.0
18,616,4.0
18,607,4.0
18,596,3.5
18,571,5.0
18,564,2.0
18,549,1.0
18,507,4.0
18,502,3.0
18,461,1.5
18,457,2.5
18,452,3.0
18,408,5.0
18,255,2.5
18,177,4.0
18,154,5.0
18,135,4.0
18,112,3.0
18,111,2.5
18,86,5.0
18,67,4.0
18,36,4.0
18,30,2.0
18,18,3.0
12,640,3.0
12,624,2.0
12,580,3.0
12,564,1.0
12,551,3.0
12,516,3.0
12,396,4.0
12,361,3.0
12,358,1.0
12,294,4.0
12,284,1.0
12,252,5.0
12,247,3.0
12,199,4.0
12,157,2.0
12,91,3.5
12,70,3.0
12,67,3.0
122,665,4.0
122,624,2.0
122,593,3.0
122,564,4.0
122,536,3.0
122,522,2.5
122,518,3.0
122,487,3.0
122,461,1.5
122,416,3.0
122,388,3.0
122,344,3.0
122,311,2.5
122,254,3.0
122,219,4.0
122,168,3.0
122,111,3.5
122,110,4.0
122,19,3.0
121,564,4.0
121,558,4.0
121,472,4.0
121,135,4.0
121,86,3.0
1422,631,3.0
1422,597,2.0
1422,550,3.0
1422,537,2.0
1422,534,4.0
1422,343,3.0
1422,311,2.0
1422,306,2.0
1422,269,3.0
1422,242,4.0
1422,213,4.5
1422,177,3.0
1422,90,4.0
1422,57,3.0
1422,30,4.0
2502,671,3.5
2502,665,3.0
2502,664,4.0
2502,655,4.0
2502,654,4.5
2502,652,4.0
2502,626,4.0
2502,624,3.0
2502,621,4.5
2502,615,3.5
2502,612,3.0
2502,607,4.5
2502,598,4.0
2502,591,4.0
2502,580,4.5
2502,567,5.0
2502,562,4.5
2502,561,4.0
2502,553,4.0
2502,547,2.5
2502,534,3.0
2502,527,4.5
2502,519,4.5
2502,509,2.0
2502,500,3.5
2502,494,5.0
2502,479,4.0
2502,472,4.0
2502,468,3.5
2502,463,5.0
2502,461,4.0
2502,460,4.0
2502,457,4.0
2502,455,4.0
2502,452,3.0
2502,439,4.0
2502,432,4.0
2502,431,2.0
2502,428,5.0
2502,423,4.5
2502,417,3.5
2502,388,4.0
2502,382,1.0
2502,380,4.0
2502,378,3.0
2502,370,3.5
2502,350,5.0
2502,345,4.0
2502,324,4.0
2502,309,5.0
2502,307,4.0
2502,306,3.0
2502,297,3.0
2502,295,4.0
2502,294,4.0
2502,292,4.5
2502,285,4.0
2502,275,5.0
2502,274,3.0
2502,270,4.0
2502,268,2.5
2502,257,4.0
2502,253,4.5
2502,244,5.0
2502,239,3.0
2502,237,4.5
2502,230,5.0
2502,219,5.0
2502,217,5.0
2502,216,5.0
2502,212,1.5
2502,195,3.0
2502,190,4.0
2502,189,5.0
2502,187,4.0
2502,180,2.0
2502,165,3.0
2502,157,3.0
2502,150,3.5
2502,143,4.5
2502,134,4.0
2502,130,4.5
2502,125,4.5
2502,123,5.0
2502,119,4.0
2502,115,5.0
2502,111,4.5
2502,105,4.0
2502,97,4.0
2502,88,4.0
2502,83,5.0
2502,77,4.5
2502,75,4.0
2502,73,4.5
2502,61,5.0
2502,56,4.0
2502,33,5.0
2502,31,4.0
2502,27,4.0
2502,23,4.0
2502,22,1.5
2502,17,1.0
2502,15,5.0
2502,8,5.0
2502,6,3.5
2502,5,3.5
161,667,4.0
161,658,4.0
161,657,4.0
161,654,4.5
161,649,4.0
161,647,3.0
161,639,4.0
161,633,3.0
161,624,4.0
161,619,4.0
161,607,4.0
161,598,4.0
161,590,4.0
161,588,4.0
161,577,4.5
161,568,4.0
161,564,4.0
161,556,5.0
161,550,4.0
161,548,3.0
161,547,1.0
161,537,3.0
161,536,5.0
161,535,4.0
161,534,5.0
161,516,4.0
161,513,5.0
161,508,4.0
161,496,4.0
161,495,3.0
161,487,4.0
161,463,3.0
161,461,2.5
161,452,3.0
161,447,4.0
161,442,4.5
161,417,3.5
161,416,4.0
161,415,4.0
161,400,3.0
161,396,4.0
161,389,4.0
161,385,4.0
161,380,4.0
161,360,5.0
161,357,4.0
161,353,3.0
161,344,4.0
161,338,3.0
161,311,3.0
161,306,2.0
161,288,3.0
161,279,3.0
161,248,5.0
161,235,4.5
161,191,4.0
161,184,3.0
161,177,4.0
161,161,5.0
161,152,4.0
161,151,5.0
161,145,5.0
161,126,4.0
161,122,3.0
161,121,4.0
161,119,4.0
161,111,4.0
161,110,4.0
161,108,3.0
161,94,3.5
161,92,5.0
161,85,4.0
161,77,2.0
161,75,4.0
161,50,4.0
161,49,4.0
161,47,5.0
161,30,5.0
161,15,3.0
161,2,3.0
1949,575,3.0
1949,468,3.0
1949,452,4.0
1949,311,4.0
1949,294,4.0
1949,265,4.0
1949,232,5.0
1949,212,2.5
1949,99,3.0
1949,23,3.5
453,518,2.0
453,509,2.0
453,487,4.0
453,311,2.0
453,306,2.0
587,666,2.0
587,665,5.0
587,662,4.0
587,654,5.0
587,649,3.0
587,646,4.0
587,641,4.0
587,633,3.0
587,629,5.0
587,627,3.0
587,624,3.0
587,617,3.0
587,607,2.5
587,605,3.0
587,602,4.0
587,596,3.5
587,593,4.0
587,580,2.5
587,577,3.0
587,575,2.0
587,564,1.0
587,555,1.0
587,551,4.0
587,547,3.0
587,537,3.0
587,535,3.0
587,534,3.0
587,529,2.0
587,527,1.0
587,523,4.5
587,518,4.0
587,517,5.0
587,516,4.0
587,514,3.0
587,509,2.0
587,508,3.0
587,505,3.0
587,496,5.0
587,495,5.0
587,493,5.0
587,487,4.0
587,480,3.5
587,468,2.5
587,463,4.0
587,462,3.5
587,461,3.0
587,458,3.0
587,452,4.0
587,442,4.0
587,441,1.0
587,440,3.0
587,431,4.0
587,430,4.0
587,426,2.5
587,416,3.0
587,402,4.0
587,400,3.0
587,396,3.0
587,391,1.0
587,388,4.0
587,385,3.0
587,380,2.0
587,371,4.0
587,369,5.0
587,358,4.0
587,354,1.0
587,345,2.0
587,344,3.0
587,313,3.0
587,312,3.0
587,311,3.0
587,306,4.0
587,303,3.0
587,302,3.0
587,294,3.0
587,292,4.0
587,283,3.5
587,279,5.0
587,268,3.0
587,266,4.0
587,262,1.5
587,254,3.0
587,241,3.0
587,239,4.0
587,235,4.5
587,232,4.0
587,213,2.5
587,212,2.5
587,195,2.0
587,194,3.0
587,192,4.0
587,188,5.0
587,182,5.0
587,177,4.0
587,168,3.0
587,165,3.0
587,161,4.0
587,160,5.0
587,159,2.5
587,152,2.5
587,151,5.0
587,145,5.0
587,134,3.5
587,128,5.0
587,121,3.0
587,120,3.5
587,119,4.0
587,111,1.5
587,110,5.0
587,105,3.5
587,93,3.5
587,92,3.0
587,86,3.0
587,85,3.0
587,79,2.5
587,77,2.5
587,69,5.0
587,68,4.0
587,67,3.0
587,61,5.0
587,50,3.0
587,36,3.0
587,30,2.0
587,15,1.0
587,13,3.0
587,2,3.0
425,564,4.0
425,242,4.0
425,30,4.0
425,23,3.5
603,311,3.0
568,321,4.0
568,86,3.0
550,652,5.0
550,564,5.0
550,534,2.0
550,518,2.0
550,487,3.0
550,416,3.0
550,412,2.0
550,110,4.0
550,86,4.0
550,19,3.0
550,2,3.0
329,666,2.0
329,657,4.0
329,654,4.0
329,649,2.0
329,639,3.0
329,633,3.0
329,624,4.0
329,619,3.0
329,607,3.5
329,602,3.0
329,596,3.5
329,593,3.0
329,592,2.0
329,590,3.0
329,589,4.0
329,588,3.0
329,580,2.0
329,577,4.0
329,575,5.0
329,574,2.5
329,568,5.0
329,564,3.0
329,561,3.0
329,556,5.0
329,555,3.0
329,551,3.0
329,548,3.0
329,542,4.0
329,538,2.0
329,537,5.0
329,535,2.0
329,533,4.0
329,518,3.0
329,517,3.0
329,516,3.0
329,514,2.0
329,500,0.5
329,496,5.0
329,495,4.0
329,487,4.0
329,468,2.5
329,466,3.0
329,463,3.0
329,461,1.5
329,457,0.5
329,447,3.0
329,437,3.0
329,428,2.5
329,416,3.0
329,415,4.0
329,401,5.0
329,400,4.0
329,396,2.0
329,375,4.0
329,370,3.0
329,369,3.0
329,357,3.0
329,354,3.0
329,345,2.0
329,344,3.0
329,337,5.0
329,317,5.0
329,311,2.0
329,294,3.0
329,290,5.0
329,287,4.5
329,285,4.0
329,279,3.0
329,260,5.0
329,246,3.0
329,242,4.0
329,237,2.5
329,232,4.0
329,225,4.0
329,224,4.0
329,217,4.0
329,202,4.0
329,197,5.0
329,194,4.0
329,188,3.0
329,187,1.0
329,185,4.0
329,177,4.0
329,168,3.0
329,161,3.0
329,159,2.5
329,151,5.0
329,148,4.0
329,145,3.0
329,144,3.0
329,134,4.0
329,126,3.0
329,122,3.0
329,121,4.0
329,119,3.0
329,118,4.0
329,110,4.0
329,108,5.0
329,95,3.0
329,92,3.0
329,86,5.0
329,85,5.0
329,82,2.0
329,78,5.0
329,77,2.0
329,64,4.0
329,49,3.0
329,47,4.0
329,41,4.0
329,21,3.0
329,19,3.0
329,15,1.5
329,7,3.0
329,4,3.0
497,659,4.0
497,658,5.0
497,649,4.0
497,602,5.0
497,597,4.0
497,593,5.0
497,577,5.0
497,575,5.0
497,564,3.0
497,559,5.0
497,555,3.0
497,548,3.0
497,545,4.0
497,537,5.0
497,529,4.0
497,514,3.0
497,509,3.0
497,500,3.5
497,493,2.0
497,487,5.0
497,472,2.0
497,468,3.0
497,466,5.0
497,461,3.0
497,460,5.0
497,434,4.0
497,431,5.0
497,430,1.5
497,420,4.0
497,396,5.0
497,393,4.0
497,391,4.0
497,354,5.0
497,344,5.0
497,330,4.0
497,315,4.0
497,294,5.0
497,293,4.0
497,288,3.0
497,254,3.0
497,239,5.0
497,212,3.0
497,177,5.0
497,159,3.5
497,130,4.0
497,126,4.0
497,122,4.0
497,121,5.0
497,111,4.0
497,105,2.5
497,99,3.0
497,92,4.0
497,88,4.0
497,86,4.0
497,73,3.5
497,57,5.0
497,23,4.5
497,20,5.0
497,9,4.0
497,2,3.0
2501,668,3.0
2501,654,4.5
2501,638,2.0
2501,632,5.0
2501,607,5.0
2501,547,3.5
2501,534,4.0
2501,509,4.0
2501,497,4.0
2501,468,3.0
2501,467,2.0
2501,466,4.0
2501,427,5.0
2501,411,4.0
2501,407,5.0
2501,405,5.0
2501,382,3.5
2501,380,4.0
2501,356,5.0
2501,342,4.0
2501,333,4.0
2501,311,5.0
2501,294,4.0
2501,292,4.5
2501,287,5.0
2501,242,5.0
2501,234,4.0
2501,216,4.5
2501,214,5.0
2501,212,3.5
2501,94,4.5
2501,27,4.0
2501,23,4.0
2501,15,3.0
2501,9,4.0
13,595,5.0
13,564,4.0
13,518,5.0
13,516,3.0
13,402,4.5
13,287,4.5
13,213,2.5
13,182,3.0
24,659,3.0
24,656,4.0
24,654,4.5
24,652,5.0
24,644,3.0
24,639,3.0
24,637,3.5
24,629,1.0
24,580,2.5
24,529,3.0
24,518,3.0
24,514,1.0
24,489,3.0
24,468,2.5
24,463,2.0
24,452,2.0
24,414,2.0
24,411,5.0
24,396,3.0
24,380,3.0
24,366,4.0
24,348,2.0
24,331,4.0
24,311,1.5
24,213,2.5
24,207,0.5
24,188,4.0
24,185,4.0
24,180,4.0
24,119,3.0
24,113,5.0
24,95,4.0
24,35,2.5
24,23,3.5
393,453,3.0
393,384,2.5
393,165,1.0
393,103,1.0
393,21,3.0
824,547,2.0
824,492,4.0
824,220,3.0
640,647,4.0
640,636,4.0
640,564,4.0
640,551,3.0
640,516,4.0
640,487,3.0
640,484,4.0
640,390,3.0
640,383,3.0
640,361,3.0
640,284,4.0
640,224,3.0
640,223,3.0
640,86,3.0
640,70,3.0
640,36,3.0
640,30,3.0
640,18,3.0
524,665,3.0
524,637,5.0
524,607,3.0
524,604,4.5
524,547,1.0
524,496,5.0
524,487,5.0
524,468,3.0
524,452,2.0
524,416,4.0
524,414,3.0
524,388,4.0
524,351,5.0
524,311,2.5
524,308,4.0
524,306,4.0
524,294,3.5
524,282,5.0
524,253,4.5
524,210,4.0
524,187,4.0
524,182,5.0
524,170,2.5
524,168,3.0
524,166,4.0
524,165,3.0
524,146,3.5
524,125,4.0
524,117,4.0
524,67,3.0
524,49,3.0
524,43,3.0
524,36,3.0
524,15,2.5
524,13,3.5
524,8,2.0
808,605,3.0
808,528,3.5
388,652,4.0
388,564,4.0
388,533,2.0
388,509,4.0
388,452,4.0
388,407,4.0
2649,482,5.0
89,659,2.0
89,650,4.0
89,564,3.0
89,537,3.0
89,534,4.0
89,518,3.0
89,496,4.0
89,487,3.0
89,452,3.0
89,311,3.0
89,213,3.5
89,177,4.0
89,128,5.0
89,113,4.0
89,80,3.0
89,23,4.0
89,19,3.0
2034,646,3.0
2034,624,3.0
2034,439,3.0
2034,380,2.0
2034,346,4.0
2034,306,4.0
2034,285,3.0
2034,118,3.0
2034,4,4.0
745,671,4.0
745,667,5.0
745,647,5.0
745,624,4.0
745,615,4.0
745,613,4.5
745,605,4.0
745,599,1.5
745,597,5.0
745,585,4.0
745,564,4.0
745,547,2.0
745,537,5.0
745,531,3.5
745,530,5.0
745,514,4.0
745,509,4.0
745,507,5.0
745,502,5.0
745,501,4.0
745,472,5.0
745,461,4.0
745,460,5.0
745,434,5.0
745,430,5.0
745,424,4.5
745,423,4.5
745,422,5.0
745,407,5.0
745,394,2.0
745,363,5.0
745,357,5.0
745,353,2.5
745,343,5.0
745,328,4.5
745,309,5.0
745,294,5.0
745,283,5.0
745,275,4.5
745,234,4.0
745,220,5.0
745,214,5.0
745,205,1.0
745,185,5.0
745,173,5.0
745,159,3.5
745,133,0.5
745,130,4.0
745,119,5.0
745,102,4.0
745,100,4.0
745,88,3.0
745,80,5.0
745,77,3.0
745,73,4.0
745,70,4.0
745,60,3.5
745,59,5.0
745,23,4.5
745,20,5.0
745,15,3.0
745,7,5.0
165,667,3.0
165,666,2.0
165,665,3.0
165,664,3.5
165,662,3.0
165,657,3.0
165,654,4.0
165,649,3.0
165,641,4.0
165,639,3.0
165,627,3.5
165,624,4.0
165,619,3.0
165,607,3.5
165,605,3.0
165,596,3.5
165,593,4.0
165,592,5.0
165,590,4.0
165,589,3.0
165,588,3.0
165,586,3.5
165,577,4.5
165,574,3.5
165,570,5.0
165,568,4.0
165,564,4.0
165,562,3.5
165,560,4.0
165,556,5.0
165,552,3.0
165,547,4.5
165,538,3.0
165,536,5.0
165,535,3.0
165,534,4.0
165,531,0.5
165,527,1.0
165,522,3.0
165,518,3.0
165,517,4.0
165,516,4.0
165,496,4.0
165,495,3.0
165,487,3.0
165,480,5.0
165,464,4.0
165,461,2.5
165,458,3.5
165,457,2.5
165,455,3.5
165,452,4.0
165,447,3.0
165,440,4.0
165,423,2.5
165,421,2.0
165,417,3.0
165,416,4.0
165,415,3.0
165,410,3.0
165,409,2.0
165,400,4.0
165,394,4.0
165,390,4.0
165,388,3.0
165,385,4.0
165,384,3.5
165,375,3.0
165,369,3.0
165,355,3.0
165,354,2.0
165,353,3.5
165,344,3.0
165,339,3.0
165,330,2.0
165,317,4.0
165,313,3.5
165,311,3.0
165,306,4.0
165,302,3.0
165,295,4.0
165,294,3.0
165,290,4.5
165,288,4.0
165,282,4.0
165,279,3.0
165,268,3.5
165,254,4.0
165,250,4.5
165,249,4.0
165,247,4.0
165,242,4.0
165,240,3.5
165,224,4.0
165,213,3.5
165,212,3.0
165,201,4.0
165,195,1.0
165,194,4.0
165,191,3.0
165,188,2.0
165,182,3.0
165,177,5.0
165,168,3.0
165,165,5.0
165,161,3.0
165,159,3.5
165,157,3.0
165,151,4.0
165,150,3.5
165,146,3.0
165,145,5.0
165,144,4.0
165,134,4.0
165,130,2.0
165,122,2.0
165,121,3.0
165,114,3.0
165,110,5.0
165,105,3.5
165,92,3.0
165,89,4.0
165,88,3.0
165,85,4.0
165,82,3.0
165,77,2.5
165,73,3.5
165,64,3.0
165,53,4.0
165,50,4.0
165,47,4.0
165,42,3.5
165,41,4.0
165,39,5.0
165,36,3.0
165,32,4.0
165,30,4.0
165,26,2.5
165,24,4.0
165,19,3.0
165,15,3.0
165,2,3.0
187,439,2.0
187,393,3.5
187,312,3.0
1124,575,3.0
1124,547,3.0
1124,537,5.0
1124,529,1.0
1124,518,3.0
1124,516,4.0
1124,514,4.0
1124,505,3.5
1124,497,3.0
1124,468,3.0
1124,467,4.0
1124,452,4.0
1124,387,4.0
1124,373,4.0
1124,344,4.0
1124,311,3.0
1124,306,3.0
1124,265,4.0
1124,242,5.0
1124,232,1.0
1124,206,4.0
1124,160,5.0
1124,117,4.5
1124,102,4.0
1124,57,4.0
1124,30,4.0
1124,21,4.0
1124,19,3.0
194,659,4.0
194,652,4.0
194,602,4.0
194,596,5.0
194,587,4.5
194,564,4.0
194,555,5.0
194,547,5.0
194,537,4.0
194,536,4.0
194,514,4.0
194,509,4.0
194,502,4.0
194,441,4.5
194,434,4.0
194,409,5.0
194,399,4.0
194,344,5.0
194,254,4.0
194,241,5.0
194,102,4.0
194,86,4.0
194,19,4.0
194,17,4.0
1091,624,3.0
1091,615,3.5
1091,580,3.0
1091,564,4.0
1091,518,2.0
1091,514,3.0
1091,509,4.0
1091,466,2.0
1091,460,3.5
1091,457,2.0
1091,401,2.0
1091,373,1.0
1091,358,1.0
1091,344,3.0
1091,311,2.0
1091,304,1.5
1091,292,3.5
1091,285,1.0
1091,247,3.0
1091,239,3.0
1091,232,4.0
1091,57,2.0
1091,33,4.0
1091,31,3.0
1091,30,1.0
1091,21,3.0
1091,19,3.0
334,609,1.0
334,595,2.0
334,585,4.0
334,547,1.0
334,537,4.0
334,509,4.0
334,436,4.0
334,407,5.0
334,348,1.0
334,224,3.0
334,184,2.0
334,102,4.0
334,36,4.0
334,19,4.0
782,564,4.0
782,534,4.0
782,318,3.0
782,284,3.0
782,128,3.0
782,30,3.0
2118,575,2.0
2118,564,4.0
2118,550,5.0
2118,518,5.0
2118,482,4.0
2118,480,4.5
2118,461,3.5
2118,452,3.0
2118,311,3.0
2118,262,3.0
2118,212,3.5
2118,137,5.0
2118,120,4.5
2118,119,3.0
2118,118,3.0
2118,102,4.0
2118,95,4.0
2118,57,2.0
2118,30,4.0
2118,17,4.0
423,607,3.5
423,605,3.0
423,575,3.0
423,564,5.0
423,534,4.0
423,405,5.0
423,390,3.0
423,388,3.0
423,344,2.0
423,306,3.0
423,285,3.0
423,177,5.0
423,130,2.0
423,19,3.0
1892,596,4.0
1892,579,0.5
1892,564,3.0
1892,534,3.0
1892,504,4.0
1892,468,2.0
1892,463,3.0
1892,452,2.0
1892,355,3.5
1892,341,4.5
1892,330,4.0
1892,321,2.0
1892,311,3.5
1892,306,3.0
1892,242,3.0
1892,213,2.5
1892,206,3.0
1892,150,2.5
1892,128,4.0
1892,125,4.0
1892,57,5.0
1892,30,5.0
1892,27,4.0
28,614,4.0
28,575,5.0
28,529,4.0
28,509,4.0
28,493,4.0
28,434,4.0
28,414,4.0
28,312,5.0
28,311,2.0
28,294,4.5
28,280,5.0
28,224,5.0
28,212,4.0
28,122,3.0
28,102,4.0
28,99,3.0
28,86,4.0
28,67,5.0
322,608,3.0
322,514,4.0
322,472,4.0
322,461,3.5
322,388,4.0
322,387,5.0
322,380,4.0
322,363,2.0
322,312,3.0
322,254,3.0
322,168,4.0
322,165,4.5
322,73,4.5
322,15,2.5
70,664,3.5
70,654,3.5
70,648,2.0
70,647,3.0
70,617,1.0
70,608,3.0
70,598,2.0
70,596,4.0
70,580,2.5
70,574,4.0
70,564,2.0
70,534,2.0
70,520,1.5
70,509,1.0
70,482,3.0
70,470,3.5
70,461,2.0
70,457,3.0
70,422,3.0
70,388,3.0
70,384,4.0
70,362,3.5
70,358,1.0
70,355,3.0
70,332,5.0
70,308,4.0
70,299,4.5
70,292,3.5
70,285,4.0
70,276,3.0
70,262,2.0
70,247,3.0
70,177,4.0
70,165,5.0
70,150,2.5
70,119,4.0
70,102,2.0
70,95,4.0
70,77,3.5
70,73,3.5
70,43,2.0
70,39,5.0
70,34,4.0
70,30,4.0
70,22,3.0
70,19,4.0
70,15,0.5
70,11,1.0
4133,624,3.0
4133,346,5.0
4133,294,2.0
4347,418,3.5
3933,624,0.5
562,641,5.0
562,636,4.0
562,617,3.0
562,602,4.0
562,595,4.0
562,564,3.0
562,547,0.5
562,537,5.0
562,514,5.0
562,509,3.0
562,472,4.0
562,465,3.0
562,461,2.5
562,460,4.0
562,452,4.0
562,420,4.0
562,407,3.0
562,383,4.0
562,348,5.0
562,321,3.0
562,312,4.0
562,299,3.5
562,211,4.0
562,187,4.5
562,102,5.0
562,48,3.5
562,34,4.0
562,33,4.0
562,19,3.0
562,15,3.0
78,659,2.0
78,564,4.0
78,514,4.0
78,502,4.0
78,434,4.0
78,284,2.0
78,119,3.0
78,102,4.0
78,30,2.0
78,25,3.0
186,665,3.0
186,662,3.0
186,659,2.0
186,654,3.5
186,649,2.0
186,646,4.0
186,641,3.0
186,590,3.0
186,580,1.0
186,564,3.0
186,562,3.5
186,547,3.0
186,536,3.0
186,518,2.0
186,517,5.0
186,516,3.0
186,487,3.0
186,471,3.0
186,468,1.5
186,462,2.5
186,452,1.0
186,447,3.0
186,431,2.5
186,421,3.0
186,416,3.0
186,388,2.5
186,381,3.0
186,323,3.5
186,313,3.0
186,311,2.0
186,308,3.0
186,306,3.0
186,302,3.0
186,295,3.5
186,288,5.0
186,276,3.0
186,243,3.0
186,212,2.5
186,201,3.0
186,182,3.0
186,174,3.5
186,126,2.0
186,121,3.0
186,110,4.0
186,92,3.0
186,86,1.0
186,85,3.0
186,2,3.0
380,667,3.0
380,665,3.0
380,662,3.0
380,659,5.0
380,657,3.0
380,654,4.0
380,649,3.0
380,641,4.0
380,639,3.0
380,633,2.0
380,629,4.0
380,627,3.0
380,626,5.0
380,624,3.0
380,619,4.0
380,607,4.5
380,603,5.0
380,602,3.0
380,596,3.0
380,593,2.0
380,592,5.0
380,590,4.0
380,589,4.0
380,588,5.0
380,580,2.5
380,577,4.5
380,568,5.0
380,564,5.0
380,562,4.0
380,561,3.0
380,559,5.0
380,556,4.0
380,555,3.0
380,550,4.0
380,548,3.0
380,547,3.0
380,538,2.0
380,537,3.0
380,536,4.0
380,535,3.0
380,534,4.0
380,532,3.5
380,525,5.0
380,523,3.5
380,518,3.0
380,517,4.0
380,516,3.0
380,514,3.0
380,513,3.0
380,509,2.0
380,508,4.0
380,505,3.0
380,496,4.0
380,491,1.0
380,487,3.0
380,483,4.0
380,480,3.5
380,472,2.0
380,471,3.5
380,464,4.0
380,463,4.0
380,462,3.5
380,461,2.5
380,457,2.5
380,452,3.0
380,449,4.0
380,447,4.0
380,442,4.0
380,440,4.0
380,437,4.0
380,433,3.5
380,430,5.0
380,423,2.5
380,421,3.0
380,418,4.0
380,416,3.0
380,415,5.0
380,414,2.0
380,410,4.0
380,409,3.0
380,405,2.5
380,400,4.0
380,396,3.0
380,394,3.0
380,390,5.0
380,389,5.0
380,386,2.0
380,385,3.0
380,384,4.5
380,383,2.0
380,381,2.0
380,380,3.0
380,375,4.0
380,369,2.0
380,367,4.5
380,358,2.0
380,355,3.5
380,354,4.0
380,353,2.0
380,344,3.0
380,328,3.5
380,319,3.0
380,317,4.0
380,313,4.0
380,312,5.0
380,311,3.5
380,306,5.0
380,305,2.0
380,303,3.5
380,295,4.0
380,294,4.0
380,292,4.5
380,290,3.5
380,282,3.0
380,281,3.5
380,280,4.0
380,279,4.0
380,268,4.0
380,266,3.0
380,262,2.0
380,261,3.5
380,254,3.0
380,247,4.0
380,246,3.0
380,243,3.0
380,242,5.0
380,241,3.0
380,240,1.5
380,239,4.0
380,237,2.5
380,235,4.0
380,228,2.5
380,225,4.0
380,224,4.0
380,214,4.0
380,213,2.0
380,201,4.0
380,199,3.5
380,195,3.0
380,194,4.0
380,192,3.0
380,191,3.0
380,188,5.0
380,184,3.0
380,182,4.0
380,181,5.0
380,168,3.0
380,165,4.0
380,161,4.0
380,159,3.0
380,152,3.5
380,151,4.0
380,150,4.0
380,146,2.5
380,145,5.0
380,144,3.0
380,137,5.0
380,130,3.5
380,128,4.0
380,127,4.0
380,126,4.0
380,122,1.0
380,121,4.0
380,120,3.5
380,114,5.0
380,111,4.5
380,110,5.0
380,108,3.0
380,105,3.5
380,99,2.0
380,92,4.0
380,91,4.5
380,88,2.0
380,85,5.0
380,82,3.0
380,77,2.5
380,73,3.0
380,68,4.0
380,64,4.0
380,63,3.5
380,59,0.5
380,57,4.0
380,50,3.0
380,47,4.0
380,42,3.5
380,41,4.0
380,39,5.0
380,32,3.0
380,30,4.0
380,26,3.0
380,24,4.0
380,23,4.0
380,21,3.0
380,20,4.0
380,19,3.0
380,15,4.0
380,7,4.0
380,4,3.0
424,311,1.5
424,165,3.5
424,30,4.0
117,609,1.0
117,608,2.0
117,514,4.0
117,472,3.0
117,299,4.0
117,102,4.0
6977,547,3.5
6977,73,3.0
769,472,3.0
111,664,4.0
111,658,5.0
111,648,3.0
111,647,5.0
111,639,5.0
111,635,3.5
111,619,5.0
111,618,5.0
111,608,5.0
111,596,5.0
111,595,5.0
111,587,4.0
111,580,4.5
111,577,5.0
111,574,5.0
111,564,3.0
111,563,4.5
111,558,5.0
111,547,5.0
111,545,5.0
111,544,4.5
111,538,5.0
111,533,3.0
111,529,4.0
111,528,3.5
111,520,5.0
111,519,4.0
111,514,5.0
111,511,5.0
111,509,5.0
111,505,3.0
111,501,0.5
111,499,5.0
111,483,3.0
111,481,5.0
111,476,4.0
111,475,4.5
111,472,4.0
111,468,4.0
111,461,3.5
111,457,5.0
111,452,4.0
111,450,5.0
111,447,3.0
111,436,4.0
111,434,4.0
111,433,5.0
111,428,5.0
111,423,5.0
111,406,5.0
111,391,3.0
111,388,5.0
111,387,5.0
111,386,4.0
111,385,5.0
111,373,4.0
111,360,5.0
111,358,5.0
111,348,5.0
111,345,5.0
111,324,3.5
111,312,5.0
111,299,4.5
111,297,3.5
111,290,4.0
111,278,4.0
111,268,3.0
111,265,4.0
111,262,3.5
111,257,5.0
111,250,4.0
111,242,5.0
111,240,5.0
111,236,4.5
111,232,5.0
111,231,4.0
111,215,4.0
111,214,5.0
111,199,4.0
111,195,2.0
111,193,5.0
111,178,4.5
111,177,4.0
111,171,5.0
111,168,5.0
111,165,4.0
111,164,4.5
111,160,4.0
111,159,4.0
111,152,3.5
111,147,5.0
111,133,0.5
111,128,1.0
111,125,4.0
111,119,5.0
111,118,4.0
111,105,4.0
111,102,5.0
111,94,3.5
111,81,4.0
111,78,3.5
111,77,4.0
111,73,3.5
111,62,4.0
111,60,4.5
111,59,2.5
111,56,4.0
111,53,4.0
111,48,3.0
111,36,4.0
111,31,4.5
111,30,4.0
111,27,4.0
111,23,5.0
111,19,5.0
111,17,5.0
111,15,5.0
111,6,4.0
278,564,5.0
278,536,3.0
278,516,3.0
278,452,2.0
278,306,2.0
1891,564,2.0
85,659,3.0
85,636,5.0
85,602,5.0
85,580,4.0
85,564,4.0
85,547,3.0
85,514,3.0
85,434,4.0
85,409,5.0
85,405,4.0
85,312,4.0
85,224,4.0
85,154,4.0
85,112,5.0
85,86,4.0
85,18,4.0
274,396,3.0
274,389,3.0
274,169,2.0
162,666,5.0
162,659,4.0
162,642,5.0
162,602,5.0
162,595,5.0
162,594,5.0
162,587,3.0
162,580,3.0
162,564,5.0
162,548,4.0
162,547,3.0
162,529,2.5
162,514,5.0
162,509,4.5
162,499,4.0
162,472,5.0
162,468,4.0
162,460,3.5
162,434,4.0
162,407,4.0
162,391,5.0
162,373,5.0
162,342,3.0
162,312,4.0
162,254,4.0
162,224,5.0
162,187,4.0
162,102,5.0
162,86,3.0
162,39,5.0
162,30,1.0
162,19,5.0
162,15,4.0
38,624,3.0
38,514,1.0
539,667,4.0
539,666,1.0
539,665,4.0
539,662,4.0
539,659,3.0
539,654,4.0
539,653,4.0
539,652,4.0
539,649,3.0
539,641,5.0
539,633,3.0
539,629,5.0
539,627,1.5
539,624,3.0
539,602,3.0
539,598,2.0
539,596,3.0
539,580,1.5
539,575,3.0
539,574,3.0
539,564,5.0
539,562,4.0
539,555,2.0
539,547,3.0
539,537,5.0
539,535,3.0
539,534,4.0
539,527,2.5
539,523,5.0
539,520,3.0
539,518,5.0
539,517,4.0
539,516,4.0
539,514,3.0
539,509,3.0
539,508,4.0
539,505,3.5
539,496,5.0
539,493,4.0
539,487,4.0
539,480,3.5
539,468,3.0
539,466,3.0
539,463,3.0
539,462,3.0
539,461,3.5
539,458,4.0
539,452,4.0
539,442,4.5
539,430,2.0
539,422,3.0
539,416,4.0
539,408,3.0
539,402,4.5
539,400,3.0
539,396,3.0
539,390,5.0
539,385,3.0
539,382,3.0
539,381,4.0
539,380,1.5
539,372,4.0
539,369,4.0
539,367,3.0
539,358,3.0
539,345,2.5
539,344,3.0
539,338,3.0
539,327,3.0
539,313,4.5
539,312,3.0
539,311,4.0
539,306,4.0
539,303,3.0
539,302,4.0
539,295,4.0
539,294,4.0
539,292,3.5
539,288,4.0
539,279,4.0
539,268,5.0
539,254,3.0
539,249,3.0
539,246,5.0
539,239,3.0
539,235,3.5
539,232,5.0
539,220,2.0
539,219,4.0
539,213,2.0
539,212,2.5
539,210,3.0
539,192,3.0
539,188,3.0
539,182,5.0
539,172,3.0
539,165,2.0
539,161,3.0
539,160,5.0
539,159,2.0
539,151,3.0
539,150,1.5
539,134,3.5
539,128,5.0
539,127,4.0
539,126,4.0
539,125,4.0
539,121,3.0
539,120,3.0
539,117,5.0
539,111,3.0
539,110,5.0
539,105,3.0
539,93,4.0
539,92,3.0
539,88,3.5
539,86,3.0
539,68,3.5
539,50,3.0
539,36,3.0
539,30,3.0
539,23,2.5
539,15,2.0
539,7,3.0
539,2,3.0
5915,624,5.0
5915,384,3.5
581,595,3.0
581,564,5.0
581,547,5.0
581,537,4.0
581,529,3.5
581,472,3.0
581,452,4.0
581,451,5.0
581,441,5.0
581,407,5.0
581,357,5.0
581,312,5.0
581,299,4.5
581,102,4.0
581,71,4.0
581,34,4.0
581,30,3.0
694,650,4.0
694,507,3.0
694,453,2.0
694,413,3.0
694,390,1.0
694,311,2.5
694,284,2.0
694,73,3.0
694,70,5.0
694,67,3.0
105,667,3.0
105,666,3.0
105,665,1.0
105,659,3.0
105,654,4.0
105,650,3.0
105,605,2.0
105,573,2.0
105,564,4.0
105,555,2.0
105,551,3.0
105,548,4.0
105,537,4.0
105,534,2.0
105,529,4.0
105,496,5.0
105,493,4.0
105,485,2.5
105,461,2.5
105,458,3.5
105,452,1.0
105,447,4.0
105,419,3.5
105,411,4.0
105,405,3.5
105,388,2.0
105,385,3.0
105,338,3.0
105,325,2.0
105,312,5.0
105,311,4.0
105,306,2.0
105,288,3.0
105,283,3.0
105,266,3.0
105,255,4.0
105,232,4.0
105,193,4.0
105,182,4.0
105,121,3.0
105,113,5.0
105,111,0.5
105,105,3.5
105,99,3.0
105,86,3.0
105,80,3.0
105,66,2.0
105,19,3.0
129,665,3.0
279,547,0.5
279,452,4.0
279,396,2.0
279,67,5.0
205,564,3.0
205,537,5.0
205,242,4.0
205,83,4.0
1933,387,5.0
679,434,4.0
948,575,3.0
948,547,3.5
948,537,4.0
948,387,4.0
948,363,4.0
948,342,4.0
948,311,3.5
948,232,2.0
948,102,5.0
948,23,3.5
948,21,3.0
207,665,3.0
207,659,3.0
207,641,3.0
207,575,4.0
207,564,3.0
207,538,3.0
207,518,3.0
207,496,4.0
207,493,4.0
207,487,4.0
207,468,2.0
207,461,2.5
207,452,3.0
207,389,4.0
207,385,3.0
207,381,4.0
207,356,3.0
207,330,4.0
207,311,3.0
207,306,4.0
207,294,3.0
207,254,3.0
207,182,5.0
207,147,3.5
207,126,3.0
207,110,5.0
207,20,2.5
207,7,3.0
1417,311,2.0
4638,665,3.0
4638,654,3.0
4638,625,3.5
4638,624,4.0
4638,580,1.5
4638,483,2.0
4638,481,2.0
4638,480,2.0
4638,475,1.0
4638,461,1.5
4638,452,1.0
4638,442,3.5
4638,418,4.0
4638,384,2.5
4638,380,2.0
4638,367,3.0
4638,353,1.0
4638,349,3.0
4638,324,4.0
4638,316,2.5
4638,311,3.0
4638,290,1.0
4638,287,4.0
4638,262,1.0
4638,213,4.0
4638,212,2.5
4638,200,2.5
4638,150,2.0
4638,141,3.0
4638,73,3.0
4638,15,1.0
14,659,4.0
14,640,2.0
14,588,3.0
14,547,3.5
14,530,4.0
14,514,3.0
14,509,3.0
14,490,3.0
14,459,4.0
14,452,5.0
14,407,4.0
14,390,2.0
14,388,4.0
14,383,3.0
14,361,4.0
14,342,3.0
14,341,4.0
14,311,3.0
14,306,3.0
14,304,4.0
14,284,3.0
14,266,4.0
14,256,4.0
14,233,3.0
14,102,4.0
14,86,4.0
14,70,3.0
14,30,4.0
14,19,5.0
14,18,2.0
14,15,2.5
947,614,4.0
947,587,4.0
947,585,5.0
947,575,3.0
947,547,3.0
947,505,3.0
947,468,4.5
947,405,4.0
947,311,2.0
947,240,4.0
947,30,4.0
2493,529,3.5
4995,671,4.0
4995,654,5.0
4995,648,4.5
4995,625,5.0
4995,615,4.0
4995,600,3.0
4995,598,4.0
4995,596,4.0
4995,587,3.5
4995,586,5.0
4995,584,4.0
4995,582,4.0
4995,580,4.0
4995,558,5.0
4995,553,4.5
4995,547,4.0
4995,544,4.5
4995,526,5.0
4995,523,4.5
4995,522,4.5
4995,515,4.5
4995,509,3.0
4995,505,3.5
4995,501,3.5
4995,500,3.5
4995,481,3.5
4995,479,4.5
4995,478,4.5
4995,472,4.0
4995,468,3.0
4995,465,4.0
4995,463,4.0
4995,457,3.0
4995,456,3.5
4995,452,4.0
4995,450,4.5
4995,442,4.5
4995,441,4.5
4995,431,4.0
4995,430,3.5
4995,428,4.0
4995,426,4.5
4995,418,4.5
4995,407,4.0
4995,405,4.5
4995,402,3.0
4995,388,3.0
4995,382,3.0
4995,380,4.0
4995,371,4.5
4995,365,5.0
4995,355,3.5
4995,346,1.5
4995,333,5.0
4995,324,3.5
4995,323,4.5
4995,316,3.0
4995,313,4.5
4995,311,4.0
4995,303,4.0
4995,295,4.5
4995,294,3.0
4995,293,4.0
4995,292,4.0
4995,283,4.0
4995,282,4.0
4995,275,4.5
4995,270,4.5
4995,268,4.0
4995,263,3.0
4995,260,2.5
4995,255,3.5
4995,253,4.5
4995,251,5.0
4995,250,5.0
4995,245,4.0
4995,240,3.5
4995,235,5.0
4995,234,5.0
4995,226,4.0
4995,213,1.0
4995,212,4.5
4995,200,4.5
4995,199,4.0
4995,187,4.5
4995,169,3.5
4995,165,3.5
4995,152,3.0
4995,139,4.0
4995,138,4.5
4995,130,3.5
4995,124,3.5
4995,105,2.5
4995,104,4.0
4995,99,5.0
4995,94,5.0
4995,93,4.0
4995,88,3.0
4995,84,4.5
4995,78,4.5
4995,73,4.5
4995,72,3.5
4995,68,4.0
4995,48,4.0
4995,45,2.5
4995,38,4.5
4995,30,5.0
4995,26,3.0
4995,23,4.5
4995,17,3.0
4995,16,4.5
4995,15,1.0
4995,8,3.5
4995,5,4.5
68,636,4.0
68,564,4.0
68,529,2.0
68,509,4.0
68,502,3.0
68,383,3.0
68,86,4.0
68,36,4.0
1018,646,5.0
1018,597,3.0
1018,564,4.0
1018,551,3.0
1018,547,2.5
1018,311,2.0
1018,294,4.0
1018,287,4.5
1018,285,3.0
1018,30,3.0
19,666,3.0
19,662,2.0
19,659,1.0
19,654,4.5
19,653,3.0
19,649,3.0
19,641,3.0
19,627,1.0
19,624,2.0
19,607,1.5
19,605,4.0
19,604,2.5
19,596,2.5
19,588,2.0
19,580,1.5
19,574,3.0
19,564,3.0
19,562,3.0
19,560,3.5
19,548,3.0
19,536,2.0
19,535,1.0
19,532,3.5
19,528,2.5
19,527,1.5
19,522,3.5
19,518,3.0
19,517,3.0
19,516,3.0
19,506,3.0
19,500,3.0
19,496,2.0
19,487,3.0
19,468,1.5
19,457,1.5
19,452,1.0
19,447,3.0
19,433,2.5
19,430,2.0
19,416,3.0
19,412,3.0
19,389,1.0
19,385,3.0
19,384,3.0
19,380,4.0
19,358,1.0
19,357,4.0
19,355,3.0
19,353,2.5
19,324,3.0
19,313,2.5
19,306,4.0
19,298,4.0
19,288,5.0
19,285,1.0
19,268,2.0
19,262,2.5
19,261,5.0
19,255,1.5
19,254,3.0
19,253,1.0
19,247,4.0
19,243,3.0
19,219,3.0
19,213,2.0
19,212,1.5
19,194,3.0
19,192,3.0
19,176,2.0
19,165,1.0
19,163,0.5
19,151,3.0
19,150,3.0
19,145,5.0
19,134,2.0
19,130,1.0
19,124,4.0
19,115,4.0
19,110,4.0
19,105,2.0
19,95,4.0
19,92,1.0
19,91,4.0
19,86,1.0
19,85,3.0
19,73,1.5
19,69,4.0
19,58,1.0
19,33,3.0
19,32,3.0
19,23,2.0
19,15,1.0
137,564,1.0
613,659,3.0
613,575,4.0
613,514,4.0
613,493,4.0
613,461,2.5
613,390,3.0
613,311,2.0
613,223,5.0
613,212,3.0
613,122,3.0
613,86,3.0
613,70,5.0
613,67,4.0
240,564,5.0
240,496,4.0
240,487,3.0
240,254,2.0
240,177,3.0
4951,665,3.0
4951,461,2.5
4951,263,2.0
4951,262,1.0
4951,150,3.0
4951,128,4.0
4951,30,3.0
1954,665,4.0
1954,651,5.0
1954,624,4.0
1954,607,4.0
1954,592,4.0
1954,580,4.5
1954,577,5.0
1954,575,3.0
1954,564,4.0
1954,547,1.5
1954,533,5.0
1954,529,2.0
1954,525,3.0
1954,522,3.0
1954,519,5.0
1954,518,4.0
1954,509,5.0
1954,505,3.0
1954,480,4.5
1954,473,4.0
1954,472,5.0
1954,471,4.5
1954,461,3.5
1954,452,3.0
1954,431,4.0
1954,423,3.0
1954,408,1.0
1954,373,4.0
1954,358,5.0
1954,342,5.0
1954,340,3.5
1954,333,5.0
1954,327,5.0
1954,313,4.0
1954,311,3.0
1954,306,4.0
1954,303,3.5
1954,295,4.0
1954,291,4.0
1954,285,2.0
1954,277,5.0
1954,275,4.5
1954,268,2.5
1954,265,3.0
1954,245,5.0
1954,214,5.0
1954,212,3.0
1954,200,4.0
1954,195,1.0
1954,187,0.5
1954,178,4.0
1954,150,4.0
1954,130,4.0
1954,120,5.0
1954,119,3.0
1954,102,5.0
1954,74,3.0
1954,73,4.5
1954,69,3.5
1954,66,5.0
1954,63,4.5
1954,61,2.0
1954,57,4.0
1954,56,4.0
1954,34,3.0
1954,30,5.0
1954,23,3.0
1954,15,3.0
1954,4,5.0
319,654,4.0
319,652,4.0
319,649,4.0
319,647,5.0
319,618,4.0
319,608,3.0
319,602,2.0
319,593,5.0
319,564,5.0
319,552,4.0
319,538,5.0
319,536,3.0
319,534,3.0
319,516,3.0
319,514,5.0
319,488,4.5
319,457,3.5
319,409,5.0
319,408,5.0
319,407,4.0
319,391,3.0
319,346,2.0
319,321,5.0
319,306,4.0
319,274,4.0
319,262,2.5
319,241,5.0
319,220,5.0
319,214,5.0
319,199,3.5
319,177,4.0
319,158,4.0
319,134,4.5
319,92,4.0
319,86,5.0
319,73,4.0
319,23,4.5
319,2,1.0
184,564,5.0
184,254,4.0
387,564,4.0
387,534,3.0
387,239,4.0
107,654,4.0
107,640,3.0
107,624,4.0
107,602,4.0
107,575,4.0
107,564,4.0
107,543,5.0
107,534,4.0
107,514,2.0
107,468,3.0
107,434,2.0
107,420,4.0
107,361,4.0
107,301,1.0
107,294,4.0
107,284,2.0
107,177,3.0
107,175,4.0
107,173,3.0
107,172,5.0
107,154,4.0
107,89,4.0
107,73,3.0
107,70,5.0
107,67,3.0
107,20,3.5
107,15,2.0
11,667,3.0
11,654,4.5
11,650,5.0
11,641,4.0
11,639,4.0
11,605,3.0
11,602,3.0
11,598,4.0
11,597,4.0
11,575,3.0
11,569,5.0
11,564,3.0
11,562,4.0
11,550,4.0
11,548,3.0
11,547,3.0
11,537,3.0
11,535,3.0
11,534,3.0
11,518,5.0
11,517,5.0
11,511,4.0
11,509,3.0
11,508,3.0
11,496,4.0
11,493,4.0
11,491,3.0
11,487,4.0
11,472,3.0
11,468,2.0
11,463,3.0
11,461,1.5
11,452,4.0
11,447,3.0
11,433,1.5
11,421,5.0
11,416,4.0
11,402,4.5
11,396,3.0
11,390,5.0
11,387,4.0
11,385,4.0
11,382,5.0
11,380,2.0
11,358,3.0
11,354,5.0
11,319,4.0
11,312,3.0
11,311,5.0
11,306,4.0
11,294,3.0
11,292,4.5
11,280,3.0
11,268,3.5
11,249,4.0
11,247,4.0
11,242,5.0
11,239,4.0
11,235,3.5
11,232,4.0
11,219,4.0
11,182,5.0
11,161,4.0
11,125,4.0
11,121,4.0
11,111,4.0
11,110,5.0
11,105,3.5
11,95,4.0
11,93,3.5
11,92,4.0
11,88,3.5
11,86,1.0
11,68,3.5
11,63,3.5
11,59,2.5
11,58,5.0
11,57,5.0
11,30,4.0
11,23,3.5
11,19,3.0
11,15,2.5
3175,655,4.5
3175,654,4.0
3175,626,5.0
3175,624,4.0
3175,608,4.0
3175,605,3.0
3175,598,4.0
3175,592,4.0
3175,585,4.0
3175,580,3.0
3175,577,5.0
3175,575,5.0
3175,564,5.0
3175,561,3.0
3175,547,4.0
3175,541,3.0
3175,533,4.0
3175,525,2.0
3175,509,3.5
3175,476,4.0
3175,468,3.0
3175,466,2.0
3175,463,3.0
3175,462,2.0
3175,461,3.0
3175,453,4.0
3175,452,3.0
3175,433,3.0
3175,428,3.5
3175,427,3.0
3175,423,2.5
3175,407,5.0
3175,401,5.0
3175,380,3.0
3175,368,3.0
3175,367,4.0
3175,353,1.0
3175,350,2.0
3175,346,5.0
3175,311,3.0
3175,295,3.0
3175,294,4.5
3175,285,3.0
3175,243,2.5
3175,239,4.0
3175,220,3.0
3175,213,3.5
3175,212,2.0
3175,196,4.0
3175,195,4.0
3175,189,2.0
3175,185,3.0
3175,148,4.0
3175,134,4.5
3175,130,3.5
3175,125,5.0
3175,119,3.0
3175,103,4.0
3175,94,1.5
3175,77,3.5
3175,73,2.5
3175,51,4.0
3175,41,4.0
3175,15,4.0
3175,14,5.0
1587,580,3.5
1587,564,4.0
1587,547,1.0
1587,518,4.0
1587,509,2.0
1587,471,4.0
1587,463,4.0
1587,461,2.5
1587,442,1.0
1587,423,3.5
1587,388,4.0
1587,384,3.5
1587,353,3.5
1587,346,4.5
1587,311,1.0
1587,285,4.0
1587,243,4.0
1587,232,5.0
1587,206,3.0
1587,202,4.0
1587,199,4.0
1587,119,3.0
1587,73,4.0
1587,57,3.0
62,665,3.0
62,659,3.0
62,658,5.0
62,654,4.5
62,650,5.0
62,641,4.0
62,640,5.0
62,633,3.0
62,616,3.0
62,607,3.5
62,603,5.0
62,588,3.0
62,582,3.5
62,575,3.0
62,564,1.0
62,561,4.0
62,548,3.0
62,537,4.0
62,530,4.0
62,529,4.0
62,527,3.5
62,514,3.0
62,509,3.0
62,507,4.0
62,502,3.0
62,500,3.5
62,496,5.0
62,484,5.0
62,468,2.5
62,464,5.0
62,461,2.5
62,452,3.0
62,449,4.0
62,447,5.0
62,422,3.0
62,416,5.0
62,413,4.0
62,390,3.0
62,389,4.0
62,388,3.0
62,383,4.0
62,382,3.5
62,353,3.5
62,345,3.5
62,343,2.0
62,338,4.0
62,324,3.5
62,311,2.5
62,306,3.0
62,303,3.5
62,294,3.5
62,292,4.0
62,284,3.0
62,266,4.0
62,263,3.5
62,256,4.0
62,253,4.5
62,245,5.0
62,235,4.5
62,232,5.0
62,223,4.0
62,220,4.0
62,211,5.0
62,192,5.0
62,188,3.0
62,182,5.0
62,173,4.0
62,165,3.5
62,162,5.0
62,161,4.0
62,159,3.5
62,154,3.0
62,119,4.0
62,100,3.0
62,93,3.5
62,92,3.0
62,88,3.5
62,87,1.0
62,86,3.0
62,77,3.5
62,70,5.0
62,67,3.0
62,44,5.0
62,23,4.0
62,18,4.0
62,15,2.0
62,2,3.0
489,564,3.0
489,487,4.0
489,416,1.0
489,396,1.0
489,344,3.0
489,311,2.5
489,254,3.0
489,239,2.0
489,182,3.0
489,168,2.0
489,153,3.0
489,110,4.0
1542,605,2.0
1542,367,4.0
1542,242,4.0
1542,220,4.0
1542,173,5.0
73,564,2.0
73,408,5.0
73,407,5.0
73,348,4.0
73,324,4.5
73,294,4.0
73,175,4.0
73,122,4.0
73,86,3.0
73,80,5.0
73,46,5.0
73,39,3.0
73,27,5.0
348,644,5.0
348,624,4.0
348,608,5.0
348,602,3.0
348,595,3.0
348,585,4.0
348,564,4.0
348,555,3.0
348,548,4.0
348,537,4.0
348,529,5.0
348,509,4.5
348,505,3.5
348,472,3.0
348,460,2.0
348,452,3.5
348,447,3.0
348,434,4.0
348,424,3.0
348,409,5.0
348,407,5.0
348,400,4.0
348,387,5.0
348,385,3.0
348,373,4.0
348,358,5.0
348,354,5.0
348,321,4.0
348,312,4.0
348,242,5.0
348,240,4.0
348,224,5.0
348,121,3.0
348,105,3.5
348,102,4.0
348,86,3.0
348,36,3.0
348,30,5.0
348,19,4.0
348,17,3.5
680,564,4.0
680,481,4.0
680,408,5.0
680,255,4.0
680,17,4.5
680,15,2.0
235,659,5.0
235,654,4.5
235,649,3.0
235,644,5.0
235,608,5.0
235,606,4.0
235,602,4.0
235,595,4.0
235,590,4.0
235,585,4.0
235,580,3.5
235,564,5.0
235,562,4.0
235,561,5.0
235,548,3.0
235,547,4.0
235,537,3.0
235,536,5.0
235,519,4.0
235,514,3.0
235,511,3.0
235,509,5.0
235,502,4.0
235,491,4.0
235,472,4.0
235,468,3.5
235,461,4.5
235,452,3.0
235,447,2.0
235,439,4.0
235,433,4.5
235,430,5.0
235,416,4.0
235,409,4.0
235,393,4.5
235,388,4.0
235,387,4.0
235,385,5.0
235,380,2.0
235,370,4.0
235,362,3.0
235,354,5.0
235,348,5.0
235,345,4.0
235,338,4.0
235,312,3.0
235,311,4.0
235,304,5.0
235,299,5.0
235,294,3.0
235,285,5.0
235,268,4.5
235,261,0.5
235,254,4.0
235,241,4.0
235,232,5.0
235,224,5.0
235,219,3.0
235,212,4.0
235,201,1.0
235,195,4.0
235,168,4.0
235,157,4.5
235,130,0.5
235,119,4.0
235,102,4.0
235,92,4.0
235,86,4.0
235,83,4.5
235,73,4.0
235,60,5.0
235,30,4.0
235,23,4.0
235,22,2.0
235,19,3.0
235,17,5.0
235,15,4.0
235,2,3.0
1359,654,1.5
1359,605,2.0
1359,518,3.0
1359,358,2.0
1359,311,1.5
1359,284,1.0
1359,223,2.0
1359,213,1.0
1359,73,2.0
1359,46,4.5
1359,33,3.0
149,647,3.0
149,608,4.0
149,564,5.0
149,254,4.0
149,224,5.0
149,15,5.0
238,605,4.0
238,389,3.0
238,182,4.0
238,67,3.0
238,53,1.0
7347,664,4.0
7347,481,3.5
7347,480,3.5
7347,468,1.5
7347,355,3.5
7347,23,3.0
218,665,4.0
218,649,3.0
218,641,4.0
218,564,3.0
218,518,3.0
218,516,4.0
218,487,4.0
218,447,3.0
218,385,3.0
218,381,2.0
218,312,3.0
218,311,2.0
218,308,5.0
218,306,3.0
218,86,4.0
433,516,3.0
433,514,3.0
433,510,1.0
433,487,3.0
433,416,3.0
433,286,3.0
433,239,4.0
1955,624,3.0
1955,605,3.0
1955,577,4.5
1955,575,3.0
1955,547,4.0
1955,545,5.0
1955,529,4.0
1955,518,4.0
1955,509,4.0
1955,505,3.0
1955,481,4.0
1955,472,4.0
1955,468,4.0
1955,452,4.0
1955,436,4.0
1955,431,4.0
1955,379,4.0
1955,342,4.0
1955,306,5.0
1955,265,4.0
1955,232,3.0
1955,212,2.5
1955,195,3.0
1955,160,5.0
1955,159,3.5
1955,119,3.0
1955,102,4.0
1955,57,4.0
1955,30,4.0
1955,23,4.0
1955,15,4.5
77,564,4.0
77,492,4.0
747,135,2.0
747,91,3.5
335,564,3.0
335,224,4.0
335,15,2.0
4553,199,3.5
4553,73,4.5
4553,41,4.5
141,654,4.0
141,650,1.0
141,649,3.0
141,641,5.0
141,640,5.0
141,636,3.0
141,616,3.0
141,607,3.0
141,596,4.0
141,593,5.0
141,590,4.0
141,580,2.5
141,574,4.0
141,564,4.0
141,562,4.0
141,561,4.0
141,548,4.0
141,547,1.0
141,543,5.0
141,537,4.0
141,535,3.0
141,529,3.0
141,523,4.0
141,518,4.0
141,508,4.0
141,507,3.0
141,506,3.0
141,505,3.0
141,496,2.0
141,490,4.0
141,487,5.0
141,472,2.5
141,462,4.0
141,461,2.0
141,447,4.0
141,442,4.5
141,434,1.0
141,430,4.0
141,413,3.0
141,403,3.0
141,390,5.0
141,387,4.0
141,383,3.0
141,358,3.0
141,357,3.0
141,345,3.5
141,338,3.0
141,328,3.5
141,324,4.0
141,319,5.0
141,312,2.0
141,306,4.0
141,292,4.0
141,256,4.0
141,242,3.0
141,240,3.5
141,239,4.0
141,235,3.5
141,233,4.0
141,232,3.0
141,223,3.0
141,213,2.0
141,211,5.0
141,187,4.0
141,182,4.0
141,172,3.0
141,162,5.0
141,161,5.0
141,134,5.0
141,130,2.5
141,119,4.0
141,112,4.0
141,111,3.5
141,100,3.0
141,92,4.0
141,90,3.0
141,88,4.5
141,87,4.0
141,86,4.0
141,83,4.0
141,80,3.0
141,78,4.0
141,77,3.0
141,70,5.0
141,67,1.0
141,55,4.0
141,44,2.0
141,30,4.0
141,19,3.0
141,18,4.0
141,7,4.0
141,5,4.0
141,4,5.0
510,514,2.0
510,487,4.0
510,311,3.0
510,168,2.0
510,73,0.5
153,666,2.0
153,659,3.0
153,657,2.0
153,654,3.5
153,649,4.0
153,641,3.0
153,624,2.5
153,623,3.0
153,619,2.0
153,608,1.0
153,607,3.0
153,602,3.0
153,590,3.0
153,589,3.0
153,588,4.0
153,580,2.0
153,575,4.0
153,574,2.0
153,568,5.0
153,564,3.0
153,561,3.0
153,552,2.0
153,550,1.0
153,547,2.0
153,538,3.0
153,536,4.0
153,535,3.0
153,534,3.0
153,518,3.0
153,517,3.0
153,516,2.0
153,514,3.0
153,496,2.0
153,487,3.0
153,475,1.0
153,468,1.0
153,466,2.0
153,464,5.0
153,461,0.5
153,457,2.0
153,453,5.0
153,447,3.0
153,442,4.0
153,430,1.0
153,428,1.5
153,423,2.0
153,418,2.0
153,416,3.0
153,409,3.0
153,400,3.0
153,396,3.0
153,390,3.0
153,389,3.0
153,384,3.0
153,369,3.0
153,358,2.0
153,355,3.0
153,354,3.0
153,353,1.5
153,345,2.0
153,344,1.0
153,338,3.0
153,319,4.0
153,317,2.0
153,311,3.0
153,305,3.0
153,295,3.0
153,294,4.0
153,292,3.5
153,288,2.0
153,285,2.0
153,281,3.0
153,279,2.0
153,276,1.5
153,268,2.0
153,254,3.0
153,249,2.0
153,247,3.0
153,243,2.0
153,241,3.0
153,239,3.0
153,237,2.5
153,232,4.0
153,225,4.0
153,224,4.0
153,213,4.0
153,212,2.5
153,201,4.0
153,191,2.0
153,188,3.0
153,168,3.0
153,163,0.5
153,161,3.0
153,151,1.0
153,150,3.0
153,146,2.0
153,145,5.0
153,144,3.0
153,134,3.0
153,132,3.5
153,130,0.5
153,128,3.0
153,126,4.0
153,122,3.0
153,121,3.0
153,119,1.0
153,116,1.5
153,114,3.0
153,110,3.0
153,108,3.0
153,105,3.0
153,92,3.0
153,88,2.0
153,85,4.0
153,82,3.0
153,74,4.0
153,73,1.0
153,64,5.0
153,47,4.0
153,39,3.0
153,32,4.0
153,26,3.5
153,23,3.0
153,22,3.0
153,20,4.0
153,19,3.0
153,15,1.0
153,4,4.0
153,2,4.0
703,19,3.0
765,659,2.0
765,651,2.0
765,616,4.0
765,575,2.0
765,564,2.0
765,559,3.0
765,502,1.0
765,473,4.0
765,442,3.0
765,416,3.0
765,361,2.0
765,358,1.0
765,260,4.0
765,252,3.0
765,182,5.0
765,140,4.5
765,30,3.0
765,18,2.0
805,659,3.0
805,654,4.5
805,641,5.0
805,624,3.0
805,616,4.0
805,602,3.0
805,559,5.0
805,547,2.5
805,521,3.5
805,518,5.0
805,514,3.0
805,496,4.0
805,461,1.5
805,452,4.0
805,434,2.0
805,418,4.0
805,416,4.0
805,412,3.0
805,383,3.0
805,361,4.0
805,350,5.0
805,318,4.0
805,311,3.0
805,306,2.0
805,294,3.5
805,292,4.0
805,284,5.0
805,253,4.0
805,235,4.0
805,233,3.0
805,223,4.0
805,213,2.5
805,212,3.5
805,211,4.0
805,187,4.5
805,173,4.0
805,165,4.5
805,162,3.0
805,150,4.0
805,112,5.0
805,80,4.0
805,70,5.0
805,55,5.0
805,44,4.0
805,30,5.0
805,23,3.5
805,19,3.0
805,18,4.0
805,8,3.5
627,652,4.0
627,641,3.0
627,608,3.0
627,564,4.0
627,537,2.0
627,509,3.0
627,466,3.0
627,224,4.0
627,211,4.0
670,564,1.0
670,278,4.0
670,23,4.5
239,665,3.0
239,564,5.0
239,557,3.0
239,534,4.0
239,530,4.0
239,518,4.0
239,493,1.0
239,437,2.0
239,402,4.5
239,213,1.5
239,189,1.0
239,187,3.0
239,185,2.0
239,128,3.0
239,73,3.0
630,659,3.0
630,211,4.0
3034,665,5.0
3034,624,4.0
3034,577,5.0
3034,564,4.0
3034,561,4.5
3034,560,3.5
3034,518,4.0
3034,510,1.0
3034,471,4.0
3034,468,3.5
3034,466,4.0
3034,452,4.0
3034,392,2.0
3034,388,4.0
3034,363,3.0
3034,328,3.0
3034,294,4.5
3034,287,5.0
3034,285,4.0
3034,213,2.5
3034,212,3.0
3034,185,4.0
3034,178,4.0
3034,176,2.0
3034,147,4.0
3034,130,4.0
3034,73,4.5
3034,56,4.0
3034,4,5.0
872,81,5.0
76,650,3.0
76,564,4.0
76,548,3.0
76,484,5.0
76,396,3.0
76,361,4.0
76,293,3.5
76,284,3.0
76,177,2.0
76,159,3.0
76,92,3.0
76,77,3.5
76,70,4.0
76,39,3.0
76,18,3.0
595,666,2.0
595,665,5.0
595,662,4.0
595,658,3.0
595,657,3.0
595,655,4.0
595,654,5.0
595,653,5.0
595,649,3.0
595,646,5.0
595,639,3.0
595,623,3.5
595,619,3.0
595,607,2.0
595,603,5.0
595,602,5.0
595,596,3.0
595,595,2.0
595,590,3.0
595,584,4.0
595,582,4.0
595,580,3.0
595,577,4.5
595,575,5.0
595,573,4.0
595,568,4.0
595,564,4.0
595,561,3.5
595,551,3.0
595,548,3.0
595,547,3.5
595,538,3.0
595,536,5.0
595,535,1.0
595,531,3.0
595,530,5.0
595,523,5.0
595,520,4.5
595,518,5.0
595,517,5.0
595,516,4.0
595,514,3.0
595,513,4.0
595,509,3.0
595,508,3.0
595,500,3.0
595,496,4.0
595,495,4.0
595,487,4.0
595,480,3.5
595,474,5.0
595,472,5.0
595,468,3.0
595,466,5.0
595,464,5.0
595,463,5.0
595,461,4.5
595,460,4.0
595,449,4.0
595,447,3.0
595,442,4.0
595,440,3.0
595,437,5.0
595,434,5.0
595,430,3.5
595,428,3.5
595,421,3.0
595,420,4.0
595,415,3.0
595,408,3.0
595,402,4.0
595,400,4.0
595,396,4.0
595,389,4.0
595,382,4.0
595,381,5.0
595,377,4.5
595,375,1.0
595,369,4.0
595,363,5.0
595,358,5.0
595,357,5.0
595,354,4.0
595,344,3.0
595,338,4.0
595,330,4.0
595,328,3.5
595,317,3.0
595,313,4.0
595,311,3.0
595,306,4.0
595,304,1.5
595,303,2.5
595,302,4.0
595,295,4.0
595,294,5.0
595,292,4.0
595,288,3.0
595,287,5.0
595,279,2.0
595,268,4.5
595,266,3.0
595,262,3.5
595,254,4.0
595,246,3.0
595,241,3.0
595,240,3.5
595,237,3.5
595,234,3.5
595,232,4.0
595,225,5.0
595,220,4.0
595,214,4.0
595,213,3.0
595,212,3.5
595,211,4.0
595,200,1.0
595,195,3.0
595,192,5.0
595,191,2.0
595,188,4.0
595,187,4.5
595,185,5.0
595,184,4.0
595,182,5.0
595,178,3.5
595,176,4.0
595,175,4.0
595,165,3.0
595,161,3.0
595,151,3.0
595,145,4.0
595,137,5.0
595,136,4.0
595,134,3.0
595,133,2.5
595,132,3.0
595,130,3.5
595,128,5.0
595,126,4.0
595,125,4.0
595,122,3.0
595,121,4.0
595,119,4.0
595,114,5.0
595,111,3.0
595,110,3.0
595,108,5.0
595,99,5.0
595,97,1.5
595,93,4.0
595,92,5.0
595,88,3.5
595,86,3.0
595,85,3.0
595,82,5.0
595,77,3.5
595,73,4.5
595,69,4.0
595,67,4.0
595,64,3.0
595,61,2.5
595,48,3.5
595,47,3.0
595,39,3.0
595,37,5.0
595,34,4.0
595,32,2.0
595,30,5.0
595,23,4.5
595,21,3.0
595,20,4.0
595,19,5.0
595,7,3.0
595,5,4.0
595,3,2.0
582,555,4.0
80,573,4.0
80,441,4.5
80,330,5.0
80,278,5.0
935,575,3.0
935,537,4.0
935,529,5.0
935,387,5.0
935,294,3.5
935,222,4.0
3082,664,2.5
3082,653,4.0
3082,624,3.5
3082,607,4.0
3082,592,5.0
3082,574,2.5
3082,569,3.0
3082,564,4.0
3082,560,4.0
3082,558,4.0
3082,550,2.0
3082,509,2.0
3082,475,2.0
3082,472,2.0
3082,471,3.5
3082,468,1.5
3082,461,1.0
3082,412,4.0
3082,407,3.0
3082,405,3.5
3082,380,3.0
3082,294,3.5
3082,268,3.0
3082,247,4.0
3082,220,3.0
3082,212,3.0
3082,196,5.0
3082,150,4.0
3082,107,1.5
3082,105,3.0
3082,78,4.5
3082,73,2.5
3082,30,3.0
3082,23,2.5
3082,22,3.5
3082,15,3.0
100,511,5.0
100,507,2.0
100,452,3.0
100,434,3.0
100,388,2.0
100,383,3.0
100,361,3.0
100,311,3.0
100,284,5.0
100,256,3.0
100,242,4.0
100,233,3.0
100,232,5.0
100,224,4.0
100,173,4.0
100,162,3.0
100,80,2.0
100,70,4.0
100,55,3.0
100,30,4.0
100,18,4.0
176,608,3.0
176,595,5.0
176,564,4.0
176,547,5.0
176,537,4.0
176,514,5.0
176,509,3.0
176,472,3.0
176,461,2.5
176,460,1.5
176,434,4.0
176,312,3.0
176,306,3.0
176,285,5.0
176,254,5.0
176,56,4.0
176,19,4.0
176,15,4.0
500,665,2.0
500,662,4.0
500,659,5.0
500,654,4.5
500,653,4.0
500,649,3.0
500,648,4.0
500,646,5.0
500,641,5.0
500,633,3.0
500,629,5.0
500,624,4.0
500,617,4.0
500,614,4.0
500,607,2.5
500,603,4.0
500,602,4.0
500,596,3.5
500,593,4.0
500,590,3.0
500,580,3.5
500,577,3.5
500,575,4.0
500,574,3.0
500,564,5.0
500,562,3.5
500,561,3.0
500,556,4.0
500,554,3.0
500,548,3.0
500,547,4.0
500,537,2.0
500,535,3.0
500,534,3.0
500,531,3.0
500,527,1.0
500,523,4.0
500,520,3.0
500,518,4.0
500,517,5.0
500,514,3.0
500,509,3.0
500,508,4.0
500,500,3.0
500,496,4.0
500,487,5.0
500,486,1.5
500,480,4.0
500,473,5.0
500,468,2.5
500,466,4.0
500,461,1.5
500,457,2.0
500,452,4.0
500,442,4.5
500,430,4.0
500,428,1.0
500,418,3.0
500,416,3.0
500,412,3.0
500,410,4.0
500,400,3.0
500,396,3.0
500,394,3.5
500,385,4.0
500,384,3.0
500,382,3.0
500,369,4.0
500,358,4.0
500,355,2.0
500,353,1.0
500,344,4.0
500,338,3.0
500,327,3.5
500,324,4.0
500,313,3.5
500,312,1.0
500,311,2.5
500,308,2.0
500,306,4.0
500,303,2.5
500,295,4.5
500,294,4.0
500,292,3.5
500,288,3.0
500,285,4.0
500,282,3.5
500,279,3.0
500,275,5.0
500,268,3.0
500,266,3.0
500,262,3.5
500,254,4.0
500,253,3.5
500,249,5.0
500,247,3.0
500,243,3.5
500,241,3.0
500,240,4.0
500,239,4.0
500,236,2.5
500,235,4.5
500,234,4.0
500,232,4.0
500,220,3.0
500,219,4.0
500,213,2.0
500,212,2.5
500,200,4.0
500,194,3.0
500,192,4.0
500,188,5.0
500,187,3.5
500,184,4.0
500,182,5.0
500,168,3.0
500,165,3.0
500,161,4.0
500,159,2.0
500,152,2.5
500,151,4.0
500,150,1.5
500,145,5.0
500,144,3.0
500,136,3.5
500,134,4.0
500,130,3.5
500,127,5.0
500,126,4.0
500,120,3.0
500,110,4.0
500,108,5.0
500,105,3.0
500,92,3.0
500,89,5.0
500,88,2.5
500,86,3.0
500,85,4.0
500,78,4.0
500,77,3.0
500,73,3.5
500,69,3.5
500,68,4.0
500,61,4.0
500,43,3.0
500,30,4.0
500,26,1.0
500,20,3.0
500,19,3.0
500,15,3.0
500,7,3.0
500,5,4.5
500,2,4.0
429,605,3.0
429,564,3.0
429,461,3.0
429,452,1.0
429,358,1.0
429,285,2.0
429,239,5.0
429,19,4.0
429,15,1.0
289,641,4.0
289,547,1.5
289,536,3.0
289,518,4.0
289,487,4.0
289,461,2.0
289,396,3.0
289,381,5.0
289,358,3.0
289,311,3.0
289,306,3.0
289,294,4.0
289,239,5.0
289,4,4.0
1366,641,5.0
1366,564,4.0
1366,518,4.0
1366,514,4.0
1366,509,3.0
1366,468,2.5
1366,388,4.0
1366,294,4.0
1366,289,3.0
1366,187,4.0
1366,102,4.0
1366,30,5.0
1366,28,5.0
103,564,5.0
103,434,3.0
103,284,4.0
103,224,4.0
346,547,3.0
346,414,3.0
346,363,3.0
346,311,3.0
346,102,3.0
346,19,3.0
762,640,3.0
762,636,3.0
762,616,3.0
762,607,2.0
762,580,1.0
762,574,0.5
762,543,5.0
762,522,1.5
762,518,1.0
762,514,1.0
762,509,1.0
762,490,3.0
762,452,1.0
762,361,3.0
762,358,1.0
762,331,1.5
762,311,1.5
762,306,1.0
762,285,3.0
762,284,3.0
762,276,0.5
762,263,3.0
762,252,3.0
762,239,3.0
762,233,3.0
762,212,2.5
762,173,3.0
762,154,4.0
762,135,3.0
762,113,5.0
762,110,5.0
762,105,3.5
762,101,2.5
762,87,3.0
762,80,2.0
762,70,4.0
762,30,3.0
762,18,1.0
762,15,2.0
389,330,4.0
391,564,3.0
391,534,3.0
391,168,3.0
